{
  "exponedataTotalSessionsRaw": {
    "csv_column": "filename",
    "calculation": "count_unique"
  },
  "exponedataBreakdownSessionsRaw": {
    "csv_column": "breakdown_occurred",
    "calculation": "sum_where_equals_1"
  },
  "exponedataNoBreakdownSessionsRaw": {
    "csv_column": "breakdown_occurred",
    "calculation": "sum_where_equals_0"
  },
  "exponedataRecoverySessionsRaw": {
    "csv_column": "conversation_outcome",
    "calculation": "count_where_equals_recovered"
  },
  "exponedataResistedSessionsRaw": {
    "csv_column": "conversation_outcome",
    "calculation": "count_where_equals_resisted"
  },
  "exponedataBreakdownPercentage": {
    "csv_column": "breakdown_occurred",
    "calculation": "proportion_where_equals_1"
  },
  "exponedataNoBreakdownPercentage": {
    "csv_column": "breakdown_occurred",
    "calculation": "proportion_where_equals_0"
  },
  "exponedataRecoveryPercentage": {
    "csv_column": "conversation_outcome",
    "calculation": "proportion_where_equals_recovered"
  },
  "exponedataResistedPercentage": {
    "csv_column": "conversation_outcome",
    "calculation": "proportion_where_equals_resisted"
  },
  "exponedataMeanBreakdownTurn": {
    "csv_column": "meta_reflection_turn",
    "calculation": "mean_where_positive"
  },
  "exponedataStdBreakdownTurn": {
    "csv_column": "meta_reflection_turn",
    "calculation": "std_where_positive"
  },
  "exponedataMetaReflectionTriggers": {
    "csv_column": "meta_reflection_density",
    "calculation": "proportion_above_threshold_0.05"
  },
  "exponedataNegativeCase": {
    "csv_column": "total_messages",
    "calculation": "max_where_no_breakdown"
  },
  "exponedatacompetitivePhaseLength": {
    "csv_column": "phase4_duration",
    "calculation": "mean_where_positive"
  },
  "exponedataPhaseLockedPercentage": {
    "csv_column": "conversation_outcome",
    "calculation": "proportion_where_equals_resisted"
  },
  "interventionSuccessRate": {
    "csv_column": "intervention_success",
    "calculation": "proportion_where_successful"
  }
}